Workbook

Sheet Summary
A1: GoCart: components vs mock API calls
A2: Source: lib/mockApi.js and every file that calls it, on branch claude/clone-gocart-repo-jtezb1.
A3: Metric | B3: Value
A4: Components that call an API | B4: =COUNTA(Components!A2:A19) -> 18
A5: API functions defined in lib/mockApi.js | B5: =COUNTA(APIs!A2:A31) -> 30
A6: API functions actually called | B6: =COUNTIF(APIs!F2:F31,">0") -> 28
A7: API functions never called | B7: =COUNTIF(APIs!F2:F31,0) -> 2
A8: Total call sites | B8: =COUNTA(Calls!A2:A31) -> 30
A9: of which Reads | B9: =COUNTIF(Calls!$E$2:$E$31,"Read") -> 18
A10: of which Writes | B10: =COUNTIF(Calls!$E$2:$E$31,"Write") -> 12
A11: Average APIs per component | B11: =IFERROR(B8/B4,0) -> 1.6666667
A12: Most APIs called by one component | B12: =MAX(Components!E2:E19) -> 4
A13: By area
A14: Area | B14: Components | C14: Call sites | D14: Reads | E14: Writes
A15: App-wide | B15: =COUNTIF(Components!C2:C19,A15) -> 1 | C15: =COUNTIF(Calls!$C$2:$C$31,A15) -> 4 | D15: =COUNTIFS(Calls!$C$2:$C$31,A15,Calls!$E$2:$E$31,"Read") -> 3 | E15: =COUNTIFS(Calls!$C$2:$C$31,A15,Calls!$E$2:$E$31,"Write") -> 1
A16: Storefront | B16: =COUNTIF(Components!C2:C19,A16) -> 7 | C16: =COUNTIF(Calls!$C$2:$C$31,A16) -> 10 | D16: =COUNTIFS(Calls!$C$2:$C$31,A16,Calls!$E$2:$E$31,"Read") -> 6 | E16: =COUNTIFS(Calls!$C$2:$C$31,A16,Calls!$E$2:$E$31,"Write") -> 4
A17: Seller | B17: =COUNTIF(Components!C2:C19,A17) -> 5 | C17: =COUNTIF(Calls!$C$2:$C$31,A17) -> 7 | D17: =COUNTIFS(Calls!$C$2:$C$31,A17,Calls!$E$2:$E$31,"Read") -> 4 | E17: =COUNTIFS(Calls!$C$2:$C$31,A17,Calls!$E$2:$E$31,"Write") -> 3
A18: Admin | B18: =COUNTIF(Components!C2:C19,A18) -> 5 | C18: =COUNTIF(Calls!$C$2:$C$31,A18) -> 9 | D18: =COUNTIFS(Calls!$C$2:$C$31,A18,Calls!$E$2:$E$31,"Read") -> 5 | E18: =COUNTIFS(Calls!$C$2:$C$31,A18,Calls!$E$2:$E$31,"Write") -> 4
A19: Total | B19: =SUM(B15:B18) -> 18 | C19: =SUM(C15:C18) -> 30 | D19: =SUM(D15:D18) -> 18 | E19: =SUM(E15:E18) -> 12
A21: Notes
A22: • "API" = an async function in lib/mockApi.js. There is no server; each would become one REST endpoint (see APIs sheet).
A23: • Counted calls include ones made through Redux thunks (fetchProducts, fetchAddresses, fetchRatings, addAddress, addRating).
A24: • Components that only read Redux state (ProductCard, Navbar, Cart page, etc.) make no API call and are not listed.
A25: • imageFileToDataUrl is a local image helper, not an API call, so it is excluded.
A26: • Tabs: Components (per component), Calls (every call site), APIs (per API), Matrix (component x API grid).

Sheet Calls
A1: Component | B1: File | C1: Area | D1: API function | E1: Read / Write | F1: Called via | G1: Trigger | H1: Handler in component
A2: StoreProvider | B2: app/StoreProvider.js | C2: App-wide | D2: getAddresses | E2: Read | F2: Redux thunk fetchAddresses | G2: On load | H2: useEffect
A3: StoreProvider | B3: app/StoreProvider.js | C3: App-wide | D3: getMyRatings | E3: Read | F3: Redux thunk fetchRatings | G3: On load | H3: useEffect
A4: StoreProvider | B4: app/StoreProvider.js | C4: App-wide | D4: getCart | E4: Read | F4: Direct | G4: On load | H4: useEffect
A5: StoreProvider | B5: app/StoreProvider.js | C5: App-wide | D5: saveCart | E5: Write | F5: Direct | G5: Cart changes | H5: store.subscribe
A6: PublicLayout | B6: app/(public)/layout.jsx | C6: Storefront | D6: getProducts | E6: Read | F6: Redux thunk fetchProducts | G6: On load | H6: useEffect
A7: Orders (My Orders) | B7: app/(public)/orders/page.jsx | C7: Storefront | D7: getMyOrders | E7: Read | F7: Direct | G7: On load | H7: useEffect
A8: StoreShop (/shop/[username]) | B8: app/(public)/shop/[username]/page.jsx | C8: Storefront | D8: getStoreByUsername | E8: Read | F8: Direct | G8: On load | H8: fetchStoreData
A9: CreateStore | B9: app/(public)/create-store/page.jsx | C9: Storefront | D9: getMyStore | E9: Read | F9: Direct | G9: On load | H9: fetchSellerStatus
A10: CreateStore | B10: app/(public)/create-store/page.jsx | C10: Storefront | D10: createStore | E10: Write | F10: Direct | G10: Submit form | H10: onSubmitHandler
A11: OrderSummary | B11: components/OrderSummary.jsx | C11: Storefront | D11: verifyCoupon | E11: Read | F11: Direct | G11: Click Apply | H11: handleCouponCode
A12: OrderSummary | B12: components/OrderSummary.jsx | C12: Storefront | D12: placeOrder | E12: Write | F12: Direct | G12: Click Place Order | H12: handlePlaceOrder
... A31: AdminCoupons | B31: app/admin/coupons/page.jsx | C31: Admin | D31: deleteCoupon | E31: Write | F31: Direct | G31: Click delete icon | H31: deleteCoupon

Sheet Components
A1: Component | B1: File | C1: Area | D1: Type | E1: APIs called | F1: Reads | G1: Writes | H1: API functions
A2: StoreProvider | B2: app/StoreProvider.js | C2: App-wide | D2: Provider | E2: =COUNTIF(Calls!$A$2:$A$31,A2) -> 4 | F2: =COUNTIFS(Calls!$A$2:$A$31,A2,Calls!$E$2:$E$31,"Read") -> 3 | G2: =COUNTIFS(Calls!$A$2:$A$31,A2,Calls!$E$2:$E$31,"Write") -> 1 | H2: getAddresses, getMyRatings, getCart, saveCart
A3: AdminCoupons | B3: app/admin/coupons/page.jsx | C3: Admin | D3: Page | E3: =COUNTIF(Calls!$A$2:$A$31,A3) -> 3 | F3: =COUNTIFS(Calls!$A$2:$A$31,A3,Calls!$E$2:$E$31,"Read") -> 1 | G3: =COUNTIFS(Calls!$A$2:$A$31,A3,Calls!$E$2:$E$31,"Write") -> 2 | H3: getCoupons, addCoupon, deleteCoupon
A4: CreateStore | B4: app/(public)/create-store/page.jsx | C4: Storefront | D4: Page | E4: =COUNTIF(Calls!$A$2:$A$31,A4) -> 2 | F4: =COUNTIFS(Calls!$A$2:$A$31,A4,Calls!$E$2:$E$31,"Read") -> 1 | G4: =COUNTIFS(Calls!$A$2:$A$31,A4,Calls!$E$2:$E$31,"Write") -> 1 | H4: getMyStore, createStore
A5: OrderSummary | B5: components/OrderSummary.jsx | C5: Storefront | D5: Component | E5: =COUNTIF(Calls!$A$2:$A$31,A5) -> 2 | F5: =COUNTIFS(Calls!$A$2:$A$31,A5,Calls!$E$2:$E$31,"Read") -> 1 | G5: =COUNTIFS(Calls!$A$2:$A$31,A5,Calls!$E$2:$E$31,"Write") -> 1 | H5: verifyCoupon, placeOrder
A6: RatingModal | B6: components/RatingModal.jsx | C6: Storefront | D6: Component | E6: =COUNTIF(Calls!$A$2:$A$31,A6) -> 2 | F6: =COUNTIFS(Calls!$A$2:$A$31,A6,Calls!$E$2:$E$31,"Read") -> 1 | G6: =COUNTIFS(Calls!$A$2:$A$31,A6,Calls!$E$2:$E$31,"Write") -> 1 | H6: addRating, getProducts
A7: ManageProducts | B7: app/store/manage-product/page.jsx | C7: Seller | D7: Page | E7: =COUNTIF(Calls!$A$2:$A$31,A7) -> 2 | F7: =COUNTIFS(Calls!$A$2:$A$31,A7,Calls!$E$2:$E$31,"Read") -> 1 | G7: =COUNTIFS(Calls!$A$2:$A$31,A7,Calls!$E$2:$E$31,"Write") -> 1 | H7: getStoreProducts, toggleStock
A8: StoreOrders | B8: app/store/orders/page.jsx | C8: Seller | D8: Page | E8: =COUNTIF(Calls!$A$2:$A$31,A8) -> 2 | F8: =COUNTIFS(Calls!$A$2:$A$31,A8,Calls!$E$2:$E$31,"Read") -> 1 | G8: =COUNTIFS(Calls!$A$2:$A$31,A8,Calls!$E$2:$E$31,"Write") -> 1 | H8: getStoreOrders, updateOrderStatus
A9: AdminApprove | B9: app/admin/approve/page.jsx | C9: Admin | D9: Page | E9: =COUNTIF(Calls!$A$2:$A$31,A9) -> 2 | F9: =COUNTIFS(Calls!$A$2:$A$31,A9,Calls!$E$2:$E$31,"Read") -> 1 | G9: =COUNTIFS(Calls!$A$2:$A$31,A9,Calls!$E$2:$E$31,"Write") -> 1 | H9: getPendingStores, setStoreStatus
A10: AdminStores | B10: app/admin/stores/page.jsx | C10: Admin | D10: Page | E10: =COUNTIF(Calls!$A$2:$A$31,A10) -> 2 | F10: =COUNTIFS(Calls!$A$2:$A$31,A10,Calls!$E$2:$E$31,"Read") -> 1 | G10: =COUNTIFS(Calls!$A$2:$A$31,A10,Calls!$E$2:$E$31,"Write") -> 1 | H10: getApprovedStores, toggleStoreActive
A11: AddressModal | B11: components/AddressModal.jsx | C11: Storefront | D11: Component | E11: =COUNTIF(Calls!$A$2:$A$31,A11) -> 1 | F11: =COUNTIFS(Calls!$A$2:$A$31,A11,Calls!$E$2:$E$31,"Read") -> 0 | G11: =COUNTIFS(Calls!$A$2:$A$31,A11,Calls!$E$2:$E$31,"Write") -> 1 | H11: addAddress
A12: Orders (My Orders) | B12: app/(public)/orders/page.jsx | C12: Storefront | D12: Page | E12: =COUNTIF(Calls!$A$2:$A$31,A12) -> 1 | F12: =COUNTIFS(Calls!$A$2:$A$31,A12,Calls!$E$2:$E$31,"Read") -> 1 | G12: =COUNTIFS(Calls!$A$2:$A$31,A12,Calls!$E$2:$E$31,"Write") -> 0 | H12: getMyOrders
A13: PublicLayout | B13: app/(public)/layout.jsx | C13: Storefront | D13: Layout | E13: =COUNTIF(Calls!$A$2:$A$31,A13) -> 1 | F13: =COUNTIFS(Calls!$A$2:$A$31,A13,Calls!$E$2:$E$31,"Read") -> 1 | G13: =COUNTIFS(Calls!$A$2:$A$31,A13,Calls!$E$2:$E$31,"Write") -> 0 | H13: getProducts
... A19: AdminLayout | B19: components/admin/AdminLayout.jsx | C19: Admin | D19: Layout | E19: =COUNTIF(Calls!$A$2:$A$31,A19) -> 1 | F19: =COUNTIFS(Calls!$A$2:$A$31,A19,Calls!$E$2:$E$31,"Read") -> 1 | G19: =COUNTIFS(Calls!$A$2:$A$31,A19,Calls!$E$2:$E$31,"Write") -> 0 | H19: getIsAdmin
A20: Total | E20: =SUM(E2:E19) -> 30 | F20: =SUM(F2:F19) -> 18 | G20: =SUM(G2:G19) -> 12
A22: "APIs called" counts call sites in the Calls sheet; edit Calls and these update.

Sheet APIs
A1: API function | B1: Read / Write | C1: Domain | D1: What it does | E1: Equivalent REST endpoint (for a real backend) | F1: Components calling | G1: Called by
A2: getProducts | B2: Read | C2: Products | D2: All products from live stores, with store and ratings joined | E2: GET /api/products | F2: =COUNTIF(Calls!$D$2:$D$31,A2) -> 2 | G2: PublicLayout, RatingModal
A3: getMyStore | B3: Read | C3: Seller | D3: Current user's store and its status | E3: GET /api/store/is-seller | F3: =COUNTIF(Calls!$D$2:$D$31,A3) -> 2 | G3: CreateStore, StoreLayout
A4: addAddress | B4: Write | C4: Addresses | D4: Save a new address | E4: POST /api/address | F4: =COUNTIF(Calls!$D$2:$D$31,A4) -> 1 | G4: AddressModal
A5: getAddresses | B5: Read | C5: Addresses | D5: Current user's saved addresses | E5: GET /api/address | F5: =COUNTIF(Calls!$D$2:$D$31,A5) -> 1 | G5: StoreProvider
A6: getAdminDashboard | B6: Read | C6: Admin | D6: Platform totals and orders per day | E6: GET /api/admin/dashboard | F6: =COUNTIF(Calls!$D$2:$D$31,A6) -> 1 | G6: Admin Dashboard
A7: getApprovedStores | B7: Read | C7: Admin | D7: All approved stores | E7: GET /api/admin/stores | F7: =COUNTIF(Calls!$D$2:$D$31,A7) -> 1 | G7: AdminStores
A8: getIsAdmin | B8: Read | C8: Admin | D8: Is the current user an admin | E8: GET /api/admin/is-admin | F8: =COUNTIF(Calls!$D$2:$D$31,A8) -> 1 | G8: AdminLayout
A9: getPendingStores | B9: Read | C9: Admin | D9: Stores waiting for approval | E9: GET /api/admin/stores?status=pending | F9: =COUNTIF(Calls!$D$2:$D$31,A9) -> 1 | G9: AdminApprove
A10: setStoreStatus | B10: Write | C10: Admin | D10: Approve or reject a store | E10: POST /api/admin/approve-store | F10: =COUNTIF(Calls!$D$2:$D$31,A10) -> 1 | G10: AdminApprove
A11: toggleStoreActive | B11: Write | C11: Admin | D11: Activate or deactivate a store | E11: PATCH /api/admin/stores/:id | F11: =COUNTIF(Calls!$D$2:$D$31,A11) -> 1 | G11: AdminStores
A12: getCart | B12: Read | C12: Cart | D12: Load the user's saved cart | E12: GET /api/cart | F12: =COUNTIF(Calls!$D$2:$D$31,A12) -> 1 | G12: StoreProvider
A13: saveCart | B13: Write | C13: Cart | D13: Save the user's cart | E13: PUT /api/cart | F13: =COUNTIF(Calls!$D$2:$D$31,A13) -> 1 | G13: StoreProvider
... A31: getCurrentUser | B31: Read | C31: User | D31: Current user profile (exported, not used yet) | E31: GET /api/me | F31: =COUNTIF(Calls!$D$2:$D$31,A31) -> 0 | G31: (not called)

Sheet Matrix
A1: Component \ API | B1: getProducts | C1: getMyStore | D1: addAddress | E1: getAddresses | F1: getAdminDashboard | G1: getApprovedStores | H1: getIsAdmin | I1: getPendingStores | J1: setStoreStatus | K1: toggleStoreActive | L1: getCart | M1: saveCart | N1: addCoupon | O1: deleteCoupon | P1: getCoupons | Q1: verifyCoupon | R1: getMyOrders | S1: placeOrder | T1: getStoreByUsername | U1: addRating | V1: getMyRatings | W1: addProduct | X1: createStore | Y1: getStoreDashboard | Z1: getStoreOrders | AA1: getStoreProducts | AB1: toggleStock | AC1: updateOrderStatus | AD1: Total APIs
A2: StoreProvider | B2: =IF(COUNTIFS(Calls!$A$2:$A$31,$A2,Calls!$D$2:$D$31,B$1)>0,1,"") | C2: =IF(COUNTIFS(Calls!$A$2:$A$31,$A2,Calls!$D$2:$D$31,C$1)>0,1,"") | D2: =IF(COUNTIFS(Calls!$A$2:$A$31,$A2,Calls!$D$2:$D$31,D$1)>0,1,"") | E2: =IF(COUNTIFS(Calls!$A$2:$A$31,$A2,Calls!$D$2:$D$31,E$1)>0,1,"") -> 1 | F2: =IF(COUNTIFS(Calls!$A$2:$A$31,$A2,Calls!$D$2:$D$31,F$1)>0,1,"") | G2: =IF(COUNTIFS(Calls!$A$2:$A$31,$A2,Calls!$D$2:$D$31,G$1)>0,1,"") | H2: =IF(COUNTIFS(Calls!$A$2:$A$31,$A2,Calls!$D$2:$D$31,H$1)>0,1,"") | I2: =IF(COUNTIFS(Calls!$A$2:$A$31,$A2,Calls!$D$2:$D$31,I$1)>0,1,"") | ... AC2: =IF(COUNTIFS(Calls!$A$2:$A$31,$A2,Calls!$D$2:$D$31,AC$1)>0,1,"") | AD2: =SUM(B2:AC2) -> 4
A3: AdminCoupons | B3: =IF(COUNTIFS(Calls!$A$2:$A$31,$A3,Calls!$D$2:$D$31,B$1)>0,1,"") | C3: =IF(COUNTIFS(Calls!$A$2:$A$31,$A3,Calls!$D$2:$D$31,C$1)>0,1,"") | D3: =IF(COUNTIFS(Calls!$A$2:$A$31,$A3,Calls!$D$2:$D$31,D$1)>0,1,"") | E3: =IF(COUNTIFS(Calls!$A$2:$A$31,$A3,Calls!$D$2:$D$31,E$1)>0,1,"") | F3: =IF(COUNTIFS(Calls!$A$2:$A$31,$A3,Calls!$D$2:$D$31,F$1)>0,1,"") | G3: =IF(COUNTIFS(Calls!$A$2:$A$31,$A3,Calls!$D$2:$D$31,G$1)>0,1,"") | H3: =IF(COUNTIFS(Calls!$A$2:$A$31,$A3,Calls!$D$2:$D$31,H$1)>0,1,"") | I3: =IF(COUNTIFS(Calls!$A$2:$A$31,$A3,Calls!$D$2:$D$31,I$1)>0,1,"") | ... AC3: =IF(COUNTIFS(Calls!$A$2:$A$31,$A3,Calls!$D$2:$D$31,AC$1)>0,1,"") | AD3: =SUM(B3:AC3) -> 3
A4: CreateStore | B4: =IF(COUNTIFS(Calls!$A$2:$A$31,$A4,Calls!$D$2:$D$31,B$1)>0,1,"") | C4: =IF(COUNTIFS(Calls!$A$2:$A$31,$A4,Calls!$D$2:$D$31,C$1)>0,1,"") -> 1 | D4: =IF(COUNTIFS(Calls!$A$2:$A$31,$A4,Calls!$D$2:$D$31,D$1)>0,1,"") | E4: =IF(COUNTIFS(Calls!$A$2:$A$31,$A4,Calls!$D$2:$D$31,E$1)>0,1,"") | F4: =IF(COUNTIFS(Calls!$A$2:$A$31,$A4,Calls!$D$2:$D$31,F$1)>0,1,"") | G4: =IF(COUNTIFS(Calls!$A$2:$A$31,$A4,Calls!$D$2:$D$31,G$1)>0,1,"") | H4: =IF(COUNTIFS(Calls!$A$2:$A$31,$A4,Calls!$D$2:$D$31,H$1)>0,1,"") | I4: =IF(COUNTIFS(Calls!$A$2:$A$31,$A4,Calls!$D$2:$D$31,I$1)>0,1,"") | ... AC4: =IF(COUNTIFS(Calls!$A$2:$A$31,$A4,Calls!$D$2:$D$31,AC$1)>0,1,"") | AD4: =SUM(B4:AC4) -> 2
A5: OrderSummary | B5: =IF(COUNTIFS(Calls!$A$2:$A$31,$A5,Calls!$D$2:$D$31,B$1)>0,1,"") | C5: =IF(COUNTIFS(Calls!$A$2:$A$31,$A5,Calls!$D$2:$D$31,C$1)>0,1,"") | D5: =IF(COUNTIFS(Calls!$A$2:$A$31,$A5,Calls!$D$2:$D$31,D$1)>0,1,"") | E5: =IF(COUNTIFS(Calls!$A$2:$A$31,$A5,Calls!$D$2:$D$31,E$1)>0,1,"") | F5: =IF(COUNTIFS(Calls!$A$2:$A$31,$A5,Calls!$D$2:$D$31,F$1)>0,1,"") | G5: =IF(COUNTIFS(Calls!$A$2:$A$31,$A5,Calls!$D$2:$D$31,G$1)>0,1,"") | H5: =IF(COUNTIFS(Calls!$A$2:$A$31,$A5,Calls!$D$2:$D$31,H$1)>0,1,"") | I5: =IF(COUNTIFS(Calls!$A$2:$A$31,$A5,Calls!$D$2:$D$31,I$1)>0,1,"") | ... AC5: =IF(COUNTIFS(Calls!$A$2:$A$31,$A5,Calls!$D$2:$D$31,AC$1)>0,1,"") | AD5: =SUM(B5:AC5) -> 2
A6: RatingModal | B6: =IF(COUNTIFS(Calls!$A$2:$A$31,$A6,Calls!$D$2:$D$31,B$1)>0,1,"") -> 1 | C6: =IF(COUNTIFS(Calls!$A$2:$A$31,$A6,Calls!$D$2:$D$31,C$1)>0,1,"") | D6: =IF(COUNTIFS(Calls!$A$2:$A$31,$A6,Calls!$D$2:$D$31,D$1)>0,1,"") | E6: =IF(COUNTIFS(Calls!$A$2:$A$31,$A6,Calls!$D$2:$D$31,E$1)>0,1,"") | F6: =IF(COUNTIFS(Calls!$A$2:$A$31,$A6,Calls!$D$2:$D$31,F$1)>0,1,"") | G6: =IF(COUNTIFS(Calls!$A$2:$A$31,$A6,Calls!$D$2:$D$31,G$1)>0,1,"") | H6: =IF(COUNTIFS(Calls!$A$2:$A$31,$A6,Calls!$D$2:$D$31,H$1)>0,1,"") | I6: =IF(COUNTIFS(Calls!$A$2:$A$31,$A6,Calls!$D$2:$D$31,I$1)>0,1,"") | ... AC6: =IF(COUNTIFS(Calls!$A$2:$A$31,$A6,Calls!$D$2:$D$31,AC$1)>0,1,"") | AD6: =SUM(B6:AC6) -> 2
A7: ManageProducts | B7: =IF(COUNTIFS(Calls!$A$2:$A$31,$A7,Calls!$D$2:$D$31,B$1)>0,1,"") | C7: =IF(COUNTIFS(Calls!$A$2:$A$31,$A7,Calls!$D$2:$D$31,C$1)>0,1,"") | D7: =IF(COUNTIFS(Calls!$A$2:$A$31,$A7,Calls!$D$2:$D$31,D$1)>0,1,"") | E7: =IF(COUNTIFS(Calls!$A$2:$A$31,$A7,Calls!$D$2:$D$31,E$1)>0,1,"") | F7: =IF(COUNTIFS(Calls!$A$2:$A$31,$A7,Calls!$D$2:$D$31,F$1)>0,1,"") | G7: =IF(COUNTIFS(Calls!$A$2:$A$31,$A7,Calls!$D$2:$D$31,G$1)>0,1,"") | H7: =IF(COUNTIFS(Calls!$A$2:$A$31,$A7,Calls!$D$2:$D$31,H$1)>0,1,"") | I7: =IF(COUNTIFS(Calls!$A$2:$A$31,$A7,Calls!$D$2:$D$31,I$1)>0,1,"") | ... AC7: =IF(COUNTIFS(Calls!$A$2:$A$31,$A7,Calls!$D$2:$D$31,AC$1)>0,1,"") | AD7: =SUM(B7:AC7) -> 2
A8: StoreOrders | B8: =IF(COUNTIFS(Calls!$A$2:$A$31,$A8,Calls!$D$2:$D$31,B$1)>0,1,"") | C8: =IF(COUNTIFS(Calls!$A$2:$A$31,$A8,Calls!$D$2:$D$31,C$1)>0,1,"") | D8: =IF(COUNTIFS(Calls!$A$2:$A$31,$A8,Calls!$D$2:$D$31,D$1)>0,1,"") | E8: =IF(COUNTIFS(Calls!$A$2:$A$31,$A8,Calls!$D$2:$D$31,E$1)>0,1,"") | F8: =IF(COUNTIFS(Calls!$A$2:$A$31,$A8,Calls!$D$2:$D$31,F$1)>0,1,"") | G8: =IF(COUNTIFS(Calls!$A$2:$A$31,$A8,Calls!$D$2:$D$31,G$1)>0,1,"") | H8: =IF(COUNTIFS(Calls!$A$2:$A$31,$A8,Calls!$D$2:$D$31,H$1)>0,1,"") | I8: =IF(COUNTIFS(Calls!$A$2:$A$31,$A8,Calls!$D$2:$D$31,I$1)>0,1,"") | ... AC8: =IF(COUNTIFS(Calls!$A$2:$A$31,$A8,Calls!$D$2:$D$31,AC$1)>0,1,"") -> 1 | AD8: =SUM(B8:AC8) -> 2
A9: AdminApprove | B9: =IF(COUNTIFS(Calls!$A$2:$A$31,$A9,Calls!$D$2:$D$31,B$1)>0,1,"") | C9: =IF(COUNTIFS(Calls!$A$2:$A$31,$A9,Calls!$D$2:$D$31,C$1)>0,1,"") | D9: =IF(COUNTIFS(Calls!$A$2:$A$31,$A9,Calls!$D$2:$D$31,D$1)>0,1,"") | E9: =IF(COUNTIFS(Calls!$A$2:$A$31,$A9,Calls!$D$2:$D$31,E$1)>0,1,"") | F9: =IF(COUNTIFS(Calls!$A$2:$A$31,$A9,Calls!$D$2:$D$31,F$1)>0,1,"") | G9: =IF(COUNTIFS(Calls!$A$2:$A$31,$A9,Calls!$D$2:$D$31,G$1)>0,1,"") | H9: =IF(COUNTIFS(Calls!$A$2:$A$31,$A9,Calls!$D$2:$D$31,H$1)>0,1,"") | I9: =IF(COUNTIFS(Calls!$A$2:$A$31,$A9,Calls!$D$2:$D$31,I$1)>0,1,"") -> 1 | ... AC9: =IF(COUNTIFS(Calls!$A$2:$A$31,$A9,Calls!$D$2:$D$31,AC$1)>0,1,"") | AD9: =SUM(B9:AC9) -> 2
A10: AdminStores | B10: =IF(COUNTIFS(Calls!$A$2:$A$31,$A10,Calls!$D$2:$D$31,B$1)>0,1,"") | C10: =IF(COUNTIFS(Calls!$A$2:$A$31,$A10,Calls!$D$2:$D$31,C$1)>0,1,"") | D10: =IF(COUNTIFS(Calls!$A$2:$A$31,$A10,Calls!$D$2:$D$31,D$1)>0,1,"") | E10: =IF(COUNTIFS(Calls!$A$2:$A$31,$A10,Calls!$D$2:$D$31,E$1)>0,1,"") | F10: =IF(COUNTIFS(Calls!$A$2:$A$31,$A10,Calls!$D$2:$D$31,F$1)>0,1,"") | G10: =IF(COUNTIFS(Calls!$A$2:$A$31,$A10,Calls!$D$2:$D$31,G$1)>0,1,"") -> 1 | H10: =IF(COUNTIFS(Calls!$A$2:$A$31,$A10,Calls!$D$2:$D$31,H$1)>0,1,"") | I10: =IF(COUNTIFS(Calls!$A$2:$A$31,$A10,Calls!$D$2:$D$31,I$1)>0,1,"") | ... AC10: =IF(COUNTIFS(Calls!$A$2:$A$31,$A10,Calls!$D$2:$D$31,AC$1)>0,1,"") | AD10: =SUM(B10:AC10) -> 2
A11: AddressModal | B11: =IF(COUNTIFS(Calls!$A$2:$A$31,$A11,Calls!$D$2:$D$31,B$1)>0,1,"") | C11: =IF(COUNTIFS(Calls!$A$2:$A$31,$A11,Calls!$D$2:$D$31,C$1)>0,1,"") | D11: =IF(COUNTIFS(Calls!$A$2:$A$31,$A11,Calls!$D$2:$D$31,D$1)>0,1,"") -> 1 | E11: =IF(COUNTIFS(Calls!$A$2:$A$31,$A11,Calls!$D$2:$D$31,E$1)>0,1,"") | F11: =IF(COUNTIFS(Calls!$A$2:$A$31,$A11,Calls!$D$2:$D$31,F$1)>0,1,"") | G11: =IF(COUNTIFS(Calls!$A$2:$A$31,$A11,Calls!$D$2:$D$31,G$1)>0,1,"") | H11: =IF(COUNTIFS(Calls!$A$2:$A$31,$A11,Calls!$D$2:$D$31,H$1)>0,1,"") | I11: =IF(COUNTIFS(Calls!$A$2:$A$31,$A11,Calls!$D$2:$D$31,I$1)>0,1,"") | ... AC11: =IF(COUNTIFS(Calls!$A$2:$A$31,$A11,Calls!$D$2:$D$31,AC$1)>0,1,"") | AD11: =SUM(B11:AC11) -> 1
A12: Orders (My Orders) | B12: =IF(COUNTIFS(Calls!$A$2:$A$31,$A12,Calls!$D$2:$D$31,B$1)>0,1,"") | C12: =IF(COUNTIFS(Calls!$A$2:$A$31,$A12,Calls!$D$2:$D$31,C$1)>0,1,"") | D12: =IF(COUNTIFS(Calls!$A$2:$A$31,$A12,Calls!$D$2:$D$31,D$1)>0,1,"") | E12: =IF(COUNTIFS(Calls!$A$2:$A$31,$A12,Calls!$D$2:$D$31,E$1)>0,1,"") | F12: =IF(COUNTIFS(Calls!$A$2:$A$31,$A12,Calls!$D$2:$D$31,F$1)>0,1,"") | G12: =IF(COUNTIFS(Calls!$A$2:$A$31,$A12,Calls!$D$2:$D$31,G$1)>0,1,"") | H12: =IF(COUNTIFS(Calls!$A$2:$A$31,$A12,Calls!$D$2:$D$31,H$1)>0,1,"") | I12: =IF(COUNTIFS(Calls!$A$2:$A$31,$A12,Calls!$D$2:$D$31,I$1)>0,1,"") | ... AC12: =IF(COUNTIFS(Calls!$A$2:$A$31,$A12,Calls!$D$2:$D$31,AC$1)>0,1,"") | AD12: =SUM(B12:AC12) -> 1
A13: PublicLayout | B13: =IF(COUNTIFS(Calls!$A$2:$A$31,$A13,Calls!$D$2:$D$31,B$1)>0,1,"") -> 1 | C13: =IF(COUNTIFS(Calls!$A$2:$A$31,$A13,Calls!$D$2:$D$31,C$1)>0,1,"") | D13: =IF(COUNTIFS(Calls!$A$2:$A$31,$A13,Calls!$D$2:$D$31,D$1)>0,1,"") | E13: =IF(COUNTIFS(Calls!$A$2:$A$31,$A13,Calls!$D$2:$D$31,E$1)>0,1,"") | F13: =IF(COUNTIFS(Calls!$A$2:$A$31,$A13,Calls!$D$2:$D$31,F$1)>0,1,"") | G13: =IF(COUNTIFS(Calls!$A$2:$A$31,$A13,Calls!$D$2:$D$31,G$1)>0,1,"") | H13: =IF(COUNTIFS(Calls!$A$2:$A$31,$A13,Calls!$D$2:$D$31,H$1)>0,1,"") | I13: =IF(COUNTIFS(Calls!$A$2:$A$31,$A13,Calls!$D$2:$D$31,I$1)>0,1,"") | ... AC13: =IF(COUNTIFS(Calls!$A$2:$A$31,$A13,Calls!$D$2:$D$31,AC$1)>0,1,"") | AD13: =SUM(B13:AC13) -> 1
... A19: AdminLayout | B19: =IF(COUNTIFS(Calls!$A$2:$A$31,$A19,Calls!$D$2:$D$31,B$1)>0,1,"") | C19: =IF(COUNTIFS(Calls!$A$2:$A$31,$A19,Calls!$D$2:$D$31,C$1)>0,1,"") | D19: =IF(COUNTIFS(Calls!$A$2:$A$31,$A19,Calls!$D$2:$D$31,D$1)>0,1,"") | E19: =IF(COUNTIFS(Calls!$A$2:$A$31,$A19,Calls!$D$2:$D$31,E$1)>0,1,"") | F19: =IF(COUNTIFS(Calls!$A$2:$A$31,$A19,Calls!$D$2:$D$31,F$1)>0,1,"") | G19: =IF(COUNTIFS(Calls!$A$2:$A$31,$A19,Calls!$D$2:$D$31,G$1)>0,1,"") | H19: =IF(COUNTIFS(Calls!$A$2:$A$31,$A19,Calls!$D$2:$D$31,H$1)>0,1,"") -> 1 | I19: =IF(COUNTIFS(Calls!$A$2:$A$31,$A19,Calls!$D$2:$D$31,I$1)>0,1,"") | ... AC19: =IF(COUNTIFS(Calls!$A$2:$A$31,$A19,Calls!$D$2:$D$31,AC$1)>0,1,"") | AD19: =SUM(B19:AC19) -> 1
A20: Components calling | B20: =SUM(B2:B19) -> 2 | C20: =SUM(C2:C19) -> 2 | D20: =SUM(D2:D19) -> 1 | E20: =SUM(E2:E19) -> 1 | F20: =SUM(F2:F19) -> 1 | G20: =SUM(G2:G19) -> 1 | H20: =SUM(H2:H19) -> 1 | I20: =SUM(I2:I19) -> 1 | ... AD20: =SUM(AD2:AD19) -> 30
